<!-- 
Blaine Smith
Assignment 4.2
2-11-2020 
-->
<?xml version="1.0" encoding="UTF-8"?>
<?xml-stylesheet type = "text/css" href = "index.css" ?> 
<!-- <xsl:stylesheet version="1.0" xmlns:xsl =  "http://www.w3.org/1999/XSL/Transform"  xmlns = "http://www.w3.org/1999/xhtml">  -->

<catalog>

    <car>
        <make> Hyundai Accent </make>
        <model> GLS </model>
        <year> 2014 </year>
        <color>Color: Ironman Gray </color>
        <engine>
            <number_of_cylinders>Cylinders: Four </number_of_cylinders>
            <fuel_system>Fuel System: Fuel Injected </fuel_system>
        </engine>
        <number_of_doors>Doors: Four </number_of_doors>
        <transmission_type> Automatic </transmission_type>
        <accessories>
            <radio>Radio: Yes </radio>
            <air_conditioning>Air Conditioning: Yes </air_conditioning>
            <power_windows>Power Windows: No </power_windows>
            <power_steering>Power Steering: Yes </power_steering>
            <power_brakes>Power Breaks: Yes </power_brakes>
        </accessories>
    </car>

    <car>
        <make> Hyundai Sonata </make>
        <model> GS </model>
        <year> 2020 </year>
        <color>Color: Black Pearl </color>
        <engine>
            <number_of_cylinders>Cylinders: Six </number_of_cylinders>
            <fuel_system>Fuel System: Fuel Injected </fuel_system>
        </engine>
        <number_of_doors>Doors: Four </number_of_doors>
        <transmission_type> Automatic </transmission_type>
        <accessories>
            <radio>Radio: Yes </radio>
            <air_conditioning>Air Conditioning: Yes </air_conditioning>
            <power_windows>Power Windows: No </power_windows>
            <power_steering>Power Steering: Yes </power_steering>
            <power_brakes>Power Breaks: Yes </power_brakes>
        </accessories>
    </car>

    <car>
        <make> Hyundai Santa Fe </make>
        <model> GS </model>
        <year> 2020 </year>
        <color>Color: Red </color>
        <engine>
            <number_of_cylinders>Cylinders: Four </number_of_cylinders>
            <fuel_system>Fuel System: Fuel Injected </fuel_system>
        </engine>
        <number_of_doors>Doors: Four </number_of_doors>
        <transmission_type> Automatic </transmission_type>
        <accessories>
            <radio>Radio: Yes </radio>
            <air_conditioning>Air Conditioning: Yes </air_conditioning>
            <power_windows>Power Windows: No </power_windows>
            <power_steering>Power Steering: Yes </power_steering>
            <power_brakes>Power Breaks: Yes </power_brakes>
        </accessories>
    </car>

</catalog>